sentiment,primary_emotion,id
Mixed,Admiration,0
Positive,Relief,1
Positive,Nostalgia,2
Negative,Uncertainty,3
Mixed,Bittersweetness,4
Negative,Anger,5
Mixed,Nostalgia,6
Positive,Relief,7
Positive,Excitement,8
Positive,Gratitude,9
Mixed,Bittersweetness,10
Positive,Pride,11
Negative,Frustration,12
Positive,Serenity,13
Positive,Surprise,14
Positive,Pride,15
Negative,Uncertainty,16
Positive,Hope,17
Mixed,Bittersweetness,18
Negative,Regret,19
Mixed,Pride,20
Positive,Gratitude,21
Mixed,Bittersweetness,22
Positive,Joy,23
Mixed,Pride,24
Mixed,Nostalgia,25
Positive,Gratitude,26
Positive,Pride,27
Mixed,Bittersweetness,28
Positive,Awe,29
Positive,Gratitude,30
Negative,Vulnerability,31
Mixed,Nostalgia,32
Mixed,Pride,33
Positive,Gratitude,34
Positive,Joy,35
Mixed,Nostalgia,36
Positive,Pride,37
Mixed,Determination,38
Positive,Joy,39
Negative,Hurt,40
Positive,Serenity,41
Positive,Joy,42
Mixed,Awe,43
Positive,Fulfillment,44
Mixed,Nostalgia,45
Positive,Gratitude,46
Mixed,Bittersweetness,47
Positive,Accomplishment,48
Negative,Worry,49
Positive,Gratitude,50
Mixed,Frustration,51
Positive,Awe,52
Positive,Joy,53
Mixed,Pride,54
Positive,Awe,55
Positive,Gratitude,56
Mixed,Joy,57
Mixed,Determination,58
Mixed,Awe,59
Positive,Pride,60
Positive,Hope,61
Mixed,Bittersweetness,62
Positive,Pride,63
Mixed,Joy,64
Positive,Awe,65
Positive,Relief,66
Positive,Serenity,67
Mixed,Pride,68
Positive,Gratitude,69
Mixed,Nostalgia,70
Positive,Accomplishment,71
Positive,Hope,72
Mixed,Nostalgia,73
Positive,Pride,74
Positive,Awe,75
Mixed,Vulnerability,76
Positive,Pride,77
Mixed,Bittersweetness,78
Positive,Accomplishment,79
Mixed,Awe,80
Positive,Joy,81
Positive,Respect,82
Positive,Pride,83
Positive,Awe,84
Positive,Hope,85
Mixed,Bittersweetness,86
Positive,Gratitude,87
Positive,Relief,88
Mixed,Vulnerability,89
Mixed,Grief,90
Mixed,Pride,91
Positive,Joy,92
Mixed,Bittersweetness,93
Positive,Awe,94
Positive,Contentment,95
Mixed,Uncertainty,96
Positive,Awe,97
Positive,Joy,98
Positive,Excitement,99
Positive,Gratitude,100
Positive,Peace,101
Mixed,Disbelief,102
Positive,Gratitude,103
Negative,Melancholy,104
Positive,Joy,105
Positive,Relief,106
Mixed,Bittersweetness,107
Mixed,Grief,108
Positive,Excitement,109
Mixed,Nostalgia,110
Positive,Love,111
Positive,Excitement,112
Positive,Joy,113
Positive,Relief,114
Positive,Serenity,115
Mixed,Pride,116
Mixed,Admiration,117
Negative,Fear,118
Positive,Exhilaration,119
Mixed,Nostalgia,120
Positive,Hope,121
Mixed,Awe,122
Mixed,Pride,123
Positive,Love,124
Mixed,Relief,125
Positive,Contentment,126
Mixed,Sadness,127
Positive,Empowerment,128
Mixed,Loneliness,129
Mixed,Joy,130
Mixed,Grief,131
Positive,Hope,132
Mixed,Joy,133
Mixed,Pride,134
Mixed,Excitement,135
Mixed,Gratitude,136
Mixed,Pride,137
Mixed,Nostalgia,138
Positive,Gratitude,139
Mixed,Grief,140
Positive,Empowerment,141
Positive,Hope,142
Mixed,Joy,143
Mixed,Awe,144
Mixed,Nostalgia,145
Mixed,Excitement,146
Mixed,Serenity,147
Mixed,Exhilaration,148
Positive,Love,149
Mixed,Nostalgia,150
Mixed,Fear,151
Mixed,Satisfaction,152
Mixed,Determination,153
Mixed,Fear,154
Mixed,Bittersweetness,155
Mixed,Pride,156
Mixed,Vulnerability,157
Mixed,Relief,158
Mixed,Pride,159
Mixed,Nostalgia,160
Positive,Excitement,161
Mixed,Helplessness,162
Mixed,Sadness,163
Mixed,Pride,164
Mixed,Grief,165
Mixed,Pride,166
Mixed,Excitement,167
Mixed,Anxiety,168
Mixed,Serenity,169
Mixed,Excitement,170
Mixed,Joy,171
Mixed,Love,172
Mixed,Tranquility,173
Mixed,Sadness,174
Mixed,Joy,175
Mixed,Grief,176
Mixed,Excitement,177
Mixed,Pride,178
Mixed,Grief,179
Mixed,Joy,180
Mixed,Excitement,181
Mixed,Love,182
Mixed,Serenity,183
Mixed,Pride,184
Mixed,Joy,185
Mixed,Gratitude,186
Mixed,Helplessness,187
Mixed,Awe,188
Mixed,Joy,189
Mixed,Love,190
Mixed,Excitement,191
Mixed,Pride,192
Mixed,Triumph,193
Mixed,Grief,194
Mixed,Joy,195
Mixed,Pride,196
Mixed,Serenity,197
Mixed,Joy,198
Mixed,Wonder,199
Mixed,Excitement,200
Mixed,Love,201
Mixed,Excitement,202
Mixed,Grief,203
Mixed,Excitement,204
Mixed,Satisfaction,205
Mixed,Pride,206
Mixed,Nostalgia,207
Mixed,Excitement,208
Mixed,Pride,209
Mixed,Excitement,210
Mixed,Happiness,211
Mixed,Love,212
Mixed,Helplessness,213
Mixed,Excitement,214
Mixed,Nostalgia,215
Mixed,Grief,216
Mixed,Love,217
Mixed,Pride,218
Mixed,Nostalgia,219
Mixed,Apprehension,220
Mixed,Bittersweetness,221
Negative,Anger,222
Mixed,Nostalgia,223
Positive,Amazement,224
Positive,Pride,225
Mixed,Joy,226
Negative,Anger,227
Mixed,Serenity,228
Positive,Forgiveness,229
Negative,Disappointment,230
Mixed,Amazement,231
Mixed,Bittersweetness,232
Positive,Pride,233
Negative,Frustration,234
Mixed,Compassion,235
Mixed,Nostalgia,236
Positive,Joy,237
Mixed,Pride,238
Mixed,Melancholy,239
Positive,Surprise,240
Mixed,Amazement,241
Positive,Pride,242
Mixed,Nostalgia,243
Positive,Curiosity,244
Positive,Relief,245
Positive,Serenity,246
Mixed,Joy,247
Mixed,Relief,248
Mixed,Amazement,249
Negative,Frustration,250
Mixed,Love,251
Mixed,Pride,252
Mixed,Gratitude,253
Positive,Contentment,254
Negative,Disappointment,255
Mixed,Serenity,256
Mixed,Sadness,257
Positive,Gratitude,258
Positive,Amazement,259
Mixed,Vulnerability,260
Mixed,Serenity,261
Mixed,Apprehension,262
Positive,Love,263
Mixed,Grief,264
Positive,Determination,265
Positive,Joy,266
Positive,Joy,267
Negative,Sadness,268
Neutral,Neutrality,269
Neutral,Apprehension,270
Positive,Gratitude,271
Negative,Frustration,272
Mixed,Amazement,273
Mixed,Anger,274
Negative,Sadness,275
Positive,Contentment,276
Mixed,Nostalgia,277
Positive,Gratitude,278
Neutral,Apprehension,279
Negative,Disappointment,280
Neutral,Neutrality,281
Positive,Happiness,282
Mixed,Amazement,283
Mixed,Frustration,284
Positive,Admiration,285
Mixed,Hope,286
Positive,Contentment,287
Mixed,Frustration,288
Mixed,Sadness,289
Negative,Anger,290
Neutral,Neutrality,291
Positive,Pride,292
Negative,Embarrassment,293
Mixed,Gratitude,294
Mixed,Nostalgia,295
Positive,Excitement,296
Negative,Uncertainty,297
Positive,Joy,298
Mixed,Serenity,299
Positive,Pride,300
Positive,Excitement,301
Mixed,Sadness,302
Neutral,Neutrality,303
Positive,Pride,304
Neutral,Apprehension,305
Mixed,Amazement,306
Positive,Curiosity,307
Mixed,Joy,308
Positive,Excitement,309
Positive,Serenity,310
Positive,Serenity,311
Mixed,Disappointment,312
Positive,Amazement,313
Positive,Relief,314
Mixed,Amazement,315
Negative,Disappointment,316
Neutral,Neutrality,317
Positive,Admiration,318
Mixed,Joy,319
Neutral,Apprehension,320
Mixed,Amazement,321
Mixed,Bittersweetness,322
Mixed,Reverence,323
Positive,Excitement,324
Mixed,Amazement,325
Positive,Pride,326
Mixed,Melancholy,327
Mixed,Bittersweetness,328
Negative,Frustration,329
Mixed,Nostalgia,330
Positive,Gratitude,331
Mixed,Contentment,332
Mixed,Disappointment,333
Mixed,Gratitude,334
Positive,Amazement,335
Positive,Curiosity,336
Mixed,Bittersweetness,337
Positive,Joy,338
Mixed,Relief,339
Mixed,Guilt,340
Mixed,Sadness,341
Positive,Love,342
Mixed,Disappointment,343
Positive,Pride,344
Negative,Anxiety,345
Neutral,Apprehension,346
Mixed,Bittersweetness,347
Positive,Excitement,348
Positive,Serenity,349
Negative,Frustration,350
Mixed,Pride,351
Negative,Frustration,352
Mixed,Amazement,353
Positive,Pride,354
Mixed,Guilt,355
Mixed,Irritation,356
Neutral,Neutrality,357
Negative,Frustration,358
Negative,Sadness,359
Negative,Anger,360
Mixed,Anxiety,361
Negative,Disappointment,362
Mixed,Sadness,363
Mixed,Guilt,364
Negative,Sadness,365
Positive,Pride,366
Positive,Excitement,367
Mixed,Amazement,368
Negative,Irritation,369
Negative,Frustration,370
Mixed,Fear,371
Negative,Betrayal,372
Mixed,Sadness,373
Positive,Excitement,374
Mixed,Amazement,375
Negative,Self-Doubt,376
Mixed,Excitement,377
Positive,Pride,378
Negative,Regret,379
Mixed,Disappointment,380
Mixed,Contentment,381
Mixed,Sadness,382
Negative,Jealousy,383
Mixed,Amazement,384
Mixed,Compassion,385
Negative,Disappointment,386
Positive,Serenity,387
Mixed,Irritation,388
Positive,Surprise,389
Negative,Regret,390
Mixed,Embarrassment,391
Neutral,Neutrality,392
Mixed,Amazement,393
Negative,Regret,394
Mixed,Pride,395
Mixed,Bittersweetness,396
Mixed,Frustration,397
Positive,Joy,398
Mixed,Irritation,399
Positive,Delight,400
Positive,Pride,401
Negative,Panic,402
Mixed,Disappointment,403
Mixed,Contentment,404
Negative,Sadness,405
Mixed,Bittersweetness,406
Negative,Guilt,407
Mixed,Disappointment,408
Mixed,Serenity,409
Negative,Anger,410
Mixed,Amazement,411
Positive,Joy,412
Mixed,Irritation,413
Positive,Pride,414
Mixed,Anxiety,415
Positive,Curiosity,416
Positive,Relief,417
Positive,Pride,418
Mixed,Frustration,419
Mixed,Sadness,420
Negative,Frustration,421
Mixed,Irritation,422
Mixed,Nostalgia,423
Mixed,Disappointment,424
Positive,Admiration,425
Negative,Panic,426
Mixed,Gratitude,427
Positive,Pride,428
Mixed,Irritation,429
Mixed,Sadness,430
Negative,Loneliness,431
Mixed,Joy,432
Mixed,Disappointment,433
Mixed,Sadness,434
Mixed,Irritation,435
Mixed,Amazement,436
Positive,Joy,437
Positive,Pride,438
Mixed,Panic,439
Positive,Admiration,440
Mixed,Sadness,441
Negative,Disappointment,442
Mixed,Gratitude,443
Neutral,Neutrality,444
Positive,Compassion,445
Mixed,Grief,446
Negative,Anger,447
Mixed,Guilt,448
Mixed,Amazement,449
Negative,Frustration,450
Mixed,Admiration,451
Mixed,Relief,452
Mixed,Amazement,453
Positive,Gratitude,454
Mixed,Irritation,455
Mixed,Relief,456
Positive,Pride,457
Negative,Disappointment,458
Mixed,Guilt,459
Mixed,Relief,460
Mixed,Self-Doubt,461
Neutral,Neutrality,462
Negative,Embarrassment,463
Mixed,Sadness,464
Mixed,Disappointment,465
Positive,Amazement,466
Mixed,Nostalgia,467
Mixed,Pride,468
Mixed,Frustration,469
Positive,Pride,470
Mixed,Bittersweetness,471
Negative,Anger,472
Mixed,Pride,473
Mixed,Frustration,474
Mixed,Bittersweetness,475
Mixed,Relief,476
Mixed,Sadness,477
Positive,Admiration,478
Mixed,Irritation,479
Mixed,Excitement,480
Positive,Gratitude,481
Mixed,Bittersweetness,482
Neutral,Neutrality,483
Negative,Betrayal,484
Mixed,Nostalgia,485
Mixed,Irritation,486
Mixed,Amazement,487
Negative,Anger,488
Positive,Pride,489
Mixed,Bittersweetness,490
Positive,Admiration,491
Negative,Loneliness,492
Mixed,Panic,493
Positive,Surprise,494
Mixed,Sadness,495
Positive,Joy,496
Neutral,Resentment,497
Mixed,Bittersweetness,498
Negative,Envy,499
Negative,Disappointment,500
Mixed,Excitement,501
Mixed,Disappointment,502
Mixed,Amazement,503
Positive,Gratitude,504
Mixed,Sadness,505
Positive,Pride,506
Neutral,Neutrality,507
Positive,Surprise,508
Mixed,Nostalgia,509
Mixed,Grief,510
Mixed,Frustration,511
Mixed,Sadness,512
Negative,Jealousy,513
Positive,Amazement,514
Mixed,Irritation,515
Negative,Anger,516
Mixed,Nostalgia,517
Mixed,Pride,518
Positive,Humility,519
Negative,Frustration,520
Positive,Joy,521
Neutral,Neutrality,522
Negative,Anger,523
Mixed,Nostalgia,524
Negative,Jealousy,525
Mixed,Disappointment,526
Positive,Serenity,527
Mixed,Self-Doubt,528
Mixed,Sadness,529
Mixed,Panic,530
Mixed,Pride,531
Negative,Frustration,532
Mixed,Sadness,533
Positive,Joy,534
Positive,Curiosity,535
Negative,Humiliation,536
Mixed,Sadness,537
Negative,Betrayal,538
Mixed,Frustration,539
Mixed,Despair,540
Mixed,Admiration,541
Mixed,Guilt,542
Mixed,Sadness,543
Negative,Loneliness,544
Mixed,Sadness,545
Mixed,Bittersweetness,546
Positive,Amazement,547
Mixed,Frustration,548
Negative,Frustration,549
Mixed,Nostalgia,550
Negative,Jealousy,551
Mixed,Nervousness,552
Negative,Sadness,553
Mixed,Sadness,554
Negative,Anger,555
Mixed,Amazement,556
Negative,Envy,557
Positive,Serenity,558
Mixed,Disappointment,559
Mixed,Irritation,560
Positive,Pride,561
Neutral,Resentment,562
Mixed,Nostalgia,563
Negative,Hurt,564
Mixed,Sadness,565
Mixed,Panic,566
Mixed,Amazement,567
Negative,Envy,568
Positive,Pride,569
Mixed,Sadness,570
Mixed,Frustration,571
Positive,Gratitude,572
Positive,Humility,573
Mixed,Disappointment,574
Positive,Excitement,575
Negative,Anger,576
Neutral,Neutrality,577
Negative,Disappointment,578
Positive,Pride,579
Negative,Hurt,580
Positive,Amazement,581
Positive,Gratitude,582
Positive,Pride,583
Mixed,Sadness,584
Negative,Sadness,585
Positive,Admiration,586
Mixed,Frustration,587
Positive,Pride,588
Positive,Gratitude,589
Negative,Betrayal,590
Negative,Embarrassment,591
Negative,Frustration,592
Positive,Gratitude,593
Positive,Pride,594
Mixed,Relief,595
Positive,Amazement,596
Mixed,Pride,597
Negative,Frustration,598
Mixed,Sadness,599
Negative,Anger,600
Mixed,Sadness,601
Positive,Joy,602
Negative,Humiliation,603
Negative,Sadness,604
Mixed,Nostalgia,605
Negative,Regret,606
Positive,Amazement,607
Negative,Hurt,608
Negative,Panic,609
Positive,Pride,610
Negative,Anger,611
Positive,Joy,612
Mixed,Sadness,613
Positive,Pride,614
Positive,Excitement,615
Negative,Betrayal,616
Mixed,Grief,617
Negative,Sadness,618
Positive,Pride,619
Mixed,Nostalgia,620
Negative,Frustration,621
Positive,Nostalgia,622
Positive,Pride,623
Negative,Hurt,624
Positive,Pride,625
Mixed,Frustration,626
Positive,Joy,627
Positive,Curiosity,628
Negative,Frustration,629
Negative,Jealousy,630
Mixed,Nostalgia,631
Negative,Hurt,632
Positive,Amazement,633
Negative,Disappointment,634
Mixed,Irritation,635
Positive,Pride,636
Positive,Curiosity,637
Positive,Gratitude,638
Mixed,Admiration,639
Positive,Joy,640
Mixed,Sadness,641
Negative,Frustration,642
Negative,Sadness,643
Positive,Nostalgia,644
Positive,Gratitude,645
Mixed,Irritation,646
Positive,Pride,647
Negative,Disappointment,648
Mixed,Frustration,649
Positive,Excitement,650
Mixed,Sadness,651
Positive,Joy,652
Positive,Serenity,653
Mixed,Irritation,654
Positive,Gratitude,655
Negative,Frustration,656
Negative,Sadness,657
Positive,Nostalgia,658
Positive,Gratitude,659
Mixed,Anger,660
Positive,Pride,661
Mixed,Disappointment,662
Positive,Relief,663
Positive,Excitement,664
Mixed,Sadness,665
Positive,Pride,666
Mixed,Irritation,667
Positive,Joy,668
Positive,Gratitude,669
Negative,Jealousy,670
Positive,Relief,671
Mixed,Frustration,672
Mixed,Sadness,673
Positive,Relief,674
Mixed,Hurt,675
Positive,Satisfaction,676
Positive,Amazement,677
Negative,Sadness,678
Positive,Excitement,679
Mixed,Grief,680
Positive,Serenity,681
Negative,Anger,682
Negative,Jealousy,683
Negative,Frustration,684
Mixed,Grief,685
Positive,Relief,686
Positive,Serenity,687
Negative,Hurt,688
Positive,Amazement,689
Negative,Sadness,690
Positive,Satisfaction,691
Positive,Pride,692
Mixed,Sadness,693
Positive,Joy,694
Negative,Frustration,695
Negative,Disappointment,696
Positive,Joy,697
Positive,Nostalgia,698
Negative,Hurt,699
Positive,Serenity,700
Mixed,Sadness,701
Positive,Relief,702
Negative,Frustration,703
Positive,Pride,704
Positive,Gratitude,705
Negative,Sadness,706
Positive,Serenity,707
Negative,Regret,708
Positive,Excitement,709
Negative,Despair,710
Positive,Serenity,711
Positive,Pride,712
Negative,Frustration,713
Mixed,Nostalgia,714
Negative,Hurt,715
Positive,Gratitude,716
Negative,Guilt,717
Positive,Amazement,718
Positive,Gratitude,719
Mixed,Stress,720
Negative,Humiliation,721
Negative,Jealousy,722
Negative,Grief,723
Mixed,Pride,724
Positive,Serenity,725
Negative,Hurt,726
Negative,Frustration,727
Positive,Pride,728
Positive,Gratitude,729
Negative,Frustration,730
Negative,Guilt,731
Positive,Amazement,732
Mixed,Grief,733
Negative,Disappointment,734
Negative,Jealousy,735
Negative,Frustration,736
Positive,Joy,737
Positive,Pride,738
Mixed,Grief,739
Negative,Insecurity,740
Positive,Gratitude,741
Positive,Serenity,742
Negative,Frustration,743
Positive,Admiration,744
Negative,Guilt,745
Positive,Embarrassment,746
Negative,Insecurity,747
Positive,Gratitude,748
Negative,Embarrassment,749
Negative,Regret,750
Positive,Amazement,751
Mixed,Sadness,752
Negative,Frustration,753
Negative,Guilt,754
Positive,Pride,755
Positive,Gratitude,756
Mixed,Sadness,757
Positive,Relief,758
Positive,Joy,759
Positive,Serenity,760
Negative,Frustration,761
Negative,Jealousy,762
Positive,Gratitude,763
Positive,Relief,764
Mixed,Anxiety,765
Negative,Frustration,766
Mixed,Sadness,767
Negative,Hurt,768
Mixed,Grief,769
Positive,Pride,770
Positive,Embarrassment,771
Positive,Serenity,772
Positive,Admiration,773
Mixed,Sadness,774
Negative,Embarrassment,775
Neutral,Longing,776
Mixed,Sadness,777
Mixed,Nostalgia,778
Mixed,Frustration,779
Positive,Pride,780
Mixed,Sadness,781
Negative,Guilt,782
Positive,Serenity,783
Positive,Pride,784
Positive,Serenity,785
Negative,Hurt,786
Positive,Joy,787
Positive,Gratitude,788
Mixed,Frustration,789
Mixed,Joy,790
Negative,Embarrassment,791
Mixed,Sadness,792
Positive,Amazement,793
Negative,Humiliation,794
Mixed,Joy,795
Negative,Hurt,796
Positive,Pride,797
Mixed,Nostalgia,798
Mixed,Grief,799
Negative,Guilt,800
Positive,Pride,801
Positive,Serenity,802
Negative,Frustration,803
Positive,Joy,804
Positive,Relief,805
Negative,Hurt,806
Positive,Gratitude,807
Negative,Disappointment,808
Positive,Joy,809
Positive,Pride,810
Mixed,Sadness,811
Positive,Serenity,812
Negative,Regret,813
Negative,Guilt,814
Positive,Pride,815
Positive,Serenity,816
Negative,Regret,817
Negative,Jealousy,818
Negative,Panic,819
Positive,Gratitude,820
Positive,Amazement,821
Negative,Hurt,822
Positive,Pride,823
Mixed,Joy,824
Positive,Relief,825
Positive,Admiration,826
Mixed,Grief,827
Negative,Guilt,828
Positive,Pride,829
Positive,Serenity,830
Negative,Guilt,831
Negative,Jealousy,832
Mixed,Frustration,833
Positive,Admiration,834
Mixed,Sadness,835
Mixed,Panic,836
Positive,Pride,837
Negative,Guilt,838
Positive,Gratitude,839
Negative,Disappointment,840
Positive,Admiration,841
Positive,Serenity,842
Mixed,Insecurity,843
Positive,Joy,844
Negative,Embarrassment,845
Positive,Joy,846
Negative,Frustration,847
Mixed,Nostalgia,848
Positive,Joy,849
Mixed,Hurt,850
Mixed,Insecurity,851
Positive,Serenity,852
Positive,Pride,853
Negative,Guilt,854
Mixed,Grief,855
Positive,Embarrassment,856
Positive,Gratitude,857
Positive,Admiration,858
Negative,Embarrassment,859
Neutral,Longing,860
Negative,Frustration,861
Mixed,Nostalgia,862
Positive,Pride,863
Mixed,Hurt,864
Mixed,Insecurity,865
Positive,Serenity,866
Negative,Guilt,867
Positive,Pride,868
Positive,Relief,869
Mixed,Sadness,870
Positive,Gratitude,871
Positive,Admiration,872
Negative,Guilt,873
Negative,Jealousy,874
Mixed,Frustration,875
Mixed,Grief,876
Positive,Pride,877
Mixed,Hurt,878
Mixed,Insecurity,879
Positive,Serenity,880
Negative,Guilt,881
Positive,Pride,882
Positive,Relief,883
Mixed,Grief,884
Positive,Gratitude,885
Positive,Admiration,886
Negative,Embarrassment,887
Positive,Admiration,888
Mixed,Frustration,889
Mixed,Grief,890
Positive,Pride,891
Negative,Guilt,892
Mixed,Insecurity,893
Positive,Serenity,894
Negative,Guilt,895
Positive,Pride,896
Mixed,Guilt,897
Mixed,Grief,898
Positive,Gratitude,899
Positive,Admiration,900
Negative,Embarrassment,901
Positive,Admiration,902
Negative,Frustration,903
Mixed,Nostalgia,904
Positive,Pride,905
Negative,Guilt,906
Positive,Pride,907
Mixed,Insecurity,908
Positive,Serenity,909
Negative,Guilt,910
Positive,Pride,911
Positive,Relief,912
Mixed,Grief,913
Positive,Gratitude,914
Positive,Admiration,915
Mixed,Frustration,916
Positive,Pride,917
Negative,Frustration,918
Mixed,Nostalgia,919
Positive,Pride,920
Negative,Guilt,921
Mixed,Insecurity,922
Positive,Serenity,923
Negative,Guilt,924
Positive,Pride,925
Mixed,Sadness,926
Positive,Gratitude,927
Positive,Admiration,928
Mixed,Grief,929
Negative,Frustration,930
Positive,Admiration,931
Negative,Frustration,932
Mixed,Nostalgia,933
Positive,Pride,934
Negative,Guilt,935
Positive,Admiration,936
Mixed,Insecurity,937
Positive,Serenity,938
Negative,Guilt,939
Positive,Pride,940
Mixed,Guilt,941
Positive,Gratitude,942
Positive,Admiration,943
Negative,Embarrassment,944
Positive,Admiration,945
Mixed,Panic,946
Positive,Nostalgia,947
Positive,Pride,948
Negative,Guilt,949
Positive,Admiration,950
Mixed,Insecurity,951
Positive,Serenity,952
Negative,Guilt,953
Positive,Pride,954
Mixed,Guilt,955
Positive,Gratitude,956
Positive,Admiration,957
Mixed,Grief,958
Negative,Disappointment,959
Positive,Admiration,960
Negative,Frustration,961
Mixed,Nostalgia,962
Positive,Pride,963
Negative,Guilt,964
Positive,Admiration,965
Mixed,Insecurity,966
Positive,Serenity,967
Negative,Guilt,968
Positive,Pride,969
Mixed,Sadness,970
Positive,Gratitude,971
Positive,Admiration,972
Mixed,Grief,973
Negative,Frustration,974
Positive,Admiration,975
Mixed,Frustration,976
Mixed,Grief,977
Positive,Pride,978
Negative,Guilt,979
Mixed,Insecurity,980
Positive,Serenity,981
Negative,Guilt,982
Positive,Pride,983
Mixed,Grief,984
Positive,Gratitude,985
Positive,Admiration,986
Mixed,Grief,987
Negative,Frustration,988
Positive,Gratitude,989
Positive,Amazement,990
Mixed,Frustration,991
Positive,Amazement,992
Negative,Guilt,993
Mixed,Sadness,994
Positive,Admiration,995
Positive,Joy,996
Positive,Relief,997
Positive,Pride,998
Mixed,Disappointment,999
Positive,Nostalgia,1000
Negative,Guilt,1001
Positive,Admiration,1002
Positive,Gratitude,1003
Mixed,Stress,1004
Positive,Pride,1005
Negative,Guilt,1006
Positive,Admiration,1007
Mixed,Insecurity,1008
Positive,Serenity,1009
Mixed,Disappointment,1010
Positive,Pride,1011
Mixed,Grief,1012
Positive,Gratitude,1013
Positive,Admiration,1014
Mixed,Nostalgia,1015
Negative,Anxiety,1016
Mixed,Excitement,1017
Negative,Frustration,1018
Negative,Guilt,1019
Mixed,Satisfaction,1020
Negative,Confusion,1021
Positive,Joy,1022
Mixed,Sadness,1023
Mixed,Relief,1024
Positive,Pride,1025
Negative,Loneliness,1026
Positive,Excitement,1027
Positive,Self-compassion,1028
Negative,Sadness,1029
Mixed,Frustration,1030
Positive,Gratitude,1031
Negative,Overwhelm,1032
Positive,Contentment,1033
Neutral,Longing,1034
Negative,Doubt,1035
Mixed,Excitement,1036
Negative,Grief,1037
Positive,Appreciation,1038
Negative,Disappointment,1039
Mixed,Uncertainty,1040
Positive,Pride,1041
Mixed,Excitement,1042
Negative,Loneliness,1043
Mixed,Nostalgia,1044
Negative,Insecurity,1045
Mixed,Excitement,1046
Mixed,Vulnerability,1047
Negative,Disappointment,1048
Positive,Contentment,1049
Mixed,Disappointment,1050
Positive,Excitement,1051
Negative,Insecurity,1052
Negative,Confusion,1053
Positive,Admiration,1054
Positive,Pride,1055
Mixed,Uncertainty,1056
Negative,Grief,1057
Negative,Frustration,1058
Positive,Serenity,1059
Negative,Regret,1060
Positive,Relief,1061
Mixed,Nostalgia,1062
Positive,Contentment,1063
Negative,Loneliness,1064
Positive,Pride,1065
Negative,Disappointment,1066
Mixed,Grief,1067
Positive,Pride,1068
Negative,Shame,1069
Positive,Hope,1070
Mixed,Fear,1071
Mixed,Overwhelm,1072
Mixed,Sadness,1073
Positive,Pride,1074
Mixed,Disappointment,1075
Mixed,Nostalgia,1076
Negative,Insecurity,1077
Positive,Pride,1078
Mixed,Nostalgia,1079
Positive,Gratitude,1080
Mixed,Empowerment,1081
Mixed,Exhaustion,1082
Mixed,Excitement,1083
Mixed,Happiness,1084
Mixed,Self-doubt,1085
Negative,Loneliness,1086
Mixed,Admiration,1087
Mixed,Insecurity,1088
Negative,Overwhelm,1089
Positive,Relief,1090
Mixed,Grief,1091
Negative,Frustration,1092
Negative,Isolation,1093
Positive,Hope,1094
Mixed,Empowerment,1095
Mixed,Excitement,1096
Mixed,Anger,1097
Mixed,Confusion,1098
Mixed,Concern,1099
Mixed,Self-doubt,1100
Mixed,Fear,1101
Mixed,Pride,1102
Positive,Empowerment,1103
Mixed,Vulnerability,1104
Negative,Jealousy,1105
Mixed,Nostalgia,1106
Positive,Pride,1107
Negative,Embarrassment,1108
Positive,Gratitude,1109
Negative,Loneliness,1110
Positive,Humility,1111
Mixed,Insecurity,1112
Positive,Gratitude,1113
Mixed,Disappointment,1114
Mixed,Vulnerability,1115
Positive,Gratitude,1116
Mixed,Frustration,1117
Positive,Relief,1118
Negative,Loneliness,1119
Mixed,Frustration,1120
Mixed,Doubt,1121
Mixed,Grief,1122
Mixed,Impostor Syndrome,1123
Positive,Humility,1124
Mixed,Frustration,1125
Negative,Isolation,1126
Positive,Pride,1127
Mixed,Uncertainty,1128
Mixed,Disappointment,1129
Mixed,Hope,1130
Negative,Exhaustion,1131
Mixed,Insecurity,1132
Mixed,Excitement,1133
Mixed,Insecurity,1134
Mixed,Ambivalence,1135
Mixed,Loneliness,1136
Mixed,Excitement,1137
Negative,Indecision,1138
Mixed,Frustration,1139
Mixed,Regret,1140
Positive,Empathy,1141
Mixed,Grief,1142
Mixed,Excitement,1143
Mixed,Confusion,1144
Mixed,Insecurity,1145
Mixed,Nostalgia,1146
Positive,Empathy,1147
Negative,Doubt,1148
Negative,Loneliness,1149
Positive,Hope,1150
Mixed,Frustration,1151
Mixed,Insecurity,1152
Mixed,Disappointment,1153
Mixed,Confusion,1154
Mixed,Grief,1155
Negative,Stress,1156
Positive,Contentment,1157
Negative,Loneliness,1158
Mixed,Excitement,1159
Mixed,Frustration,1160
Positive,Gratitude,1161
Positive,Serenity,1162
Negative,Insecurity,1163
Positive,Pride,1164
Negative,Disappointment,1165
Mixed,Bittersweetness,1166
Mixed,Excitement,1167
Positive,Gratitude,1168
Mixed,Exhaustion,1169
Negative,Loneliness,1170
Negative,Loneliness,1171
Mixed,Pride,1172
Positive,Excitement,1173
Negative,Stress,1174
Mixed,Disappointment,1175
Positive,Gratitude,1176
Negative,Uncertainty,1177
Positive,Gratitude,1178
Negative,Guilt,1179
Positive,Pride,1180
Negative,Exhaustion,1181
Positive,Pride,1182
Neutral,Neutral,1183
Positive,Pride,1184
Negative,Anger,1185
Positive,Inspiration,1186
Negative,Stress,1187
Negative,Insecurity,1188
Positive,Gratitude,1189
Positive,Serenity,1190
Mixed,Sadness,1191
Mixed,Uncertainty,1192
Positive,Gratitude,1193
Mixed,Excitement,1194
Negative,Loneliness,1195
Mixed,Fear,1196
Positive,Pride,1197
Mixed,Uncertainty,1198
Mixed,Pride,1199
Negative,Exhaustion,1200
Negative,Loneliness,1201
Positive,Pride,1202
Negative,Frustration,1203
Positive,Serenity,1204
Mixed,Pride,1205
Mixed,Uncertainty,1206
Negative,Confusion,1207
Mixed,Bittersweetness,1208
Positive,Gratitude,1209
Negative,Insecurity,1210
Negative,Confusion,1211
Positive,Excitement,1212
Negative,Nostalgia,1213
Negative,Insecurity,1214
Negative,Guilt,1215
Mixed,Uncertainty,1216
Negative,Frustration,1217
Negative,Disappointment,1218
Positive,Pride,1219
Negative,Insecurity,1220
Positive,Gratitude,1221
Negative,Overwhelm,1222
Mixed,Uncertainty,1223
Negative,Exhaustion,1224
Positive,Excitement,1225
Mixed,Bittersweetness,1226
Negative,Insecurity,1227
Positive,Gratitude,1228
Negative,Insecurity,1229
Positive,Excitement,1230
Negative,Guilt,1231
Mixed,Uncertainty,1232
Mixed,Pride,1233
Positive,Pride,1234
Mixed,Uncertainty,1235
Mixed,Excitement,1236
Negative,Exhaustion,1237
Positive,Gratitude,1238
Negative,Disappointment,1239
Mixed,Disappointment,1240
Positive,Pride,1241
Negative,Loneliness,1242
Mixed,Confusion,1243
Positive,Pride,1244
Negative,Exhaustion,1245
Mixed,Uncertainty,1246
Positive,Gratitude,1247
Mixed,Excitement,1248
Negative,Overwhelm,1249
Positive,Gratitude,1250
Negative,Insecurity,1251
Mixed,Excitement,1252
Positive,Pride,1253
Negative,Exhaustion,1254
Positive,Serenity,1255
Negative,Insecurity,1256
Positive,Excitement,1257
Negative,Frustration,1258
Mixed,Nostalgia,1259
Mixed,Uncertainty,1260
Positive,Gratitude,1261
Negative,Insecurity,1262
Negative,Regret,1263
Positive,Serenity,1264
Negative,Frustration,1265
Positive,Pride,1266
Negative,Overwhelm,1267
Mixed,Excitement,1268
Positive,Serenity,1269
Mixed,Doubt,1270
Positive,Pride,1271
Negative,Grief,1272
Negative,Exhaustion,1273
Positive,Joy,1274
Negative,Insecurity,1275
Mixed,Nostalgia,1276
Positive,Determination,1277
Mixed,Confusion,1278
Positive,Pride,1279
Negative,Stress,1280
Mixed,Fear,1281
Mixed,Bittersweetness,1282
Positive,Gratitude,1283
Negative,Regret,1284
Negative,Regret,1285
Positive,Gratitude,1286
Mixed,Embarrassment,1287
Negative,Hurt,1288
Positive,Pride,1289
Negative,Anxiety,1290
Positive,Wonder,1291
Negative,Disappointment,1292
Mixed,Excitement,1293
Positive,Accomplishment,1294
Mixed,Excitement,1295
Mixed,Nostalgia,1296
Positive,Love,1297
Negative,Despair,1298
Positive,Gratitude,1299
Negative,Exhaustion,1300
Mixed,Sadness,1301
Positive,Pride,1302
Negative,Insecurity,1303
Positive,Awe,1304
Mixed,Uncertainty,1305
Mixed,Excitement,1306
Negative,Overwhelm,1307
Positive,Pride,1308
Negative,Guilt,1309
Negative,Insecurity,1310
Positive,Pride,1311
Mixed,Bittersweetness,1312
Negative,Loneliness,1313
Negative,Anxiety,1314
Positive,Serenity,1315
Negative,Hopelessness,1316
Positive,Pride,1317
Mixed,Nostalgia,1318
Negative,Frustration,1319
Positive,Admiration,1320
Negative,Defeat,1321
Positive,Gratitude,1322
Mixed,Confusion,1323
Negative,Exhaustion,1324
Negative,Guilt,1325
Positive,Self-love,1326
Mixed,Pride,1327
Positive,Determination,1328
Negative,Stress,1329
Positive,Pride,1330
Negative,Insecurity,1331
Positive,Relief,1332
Negative,Jealousy,1333
Positive,Hope,1334
Mixed,Nostalgia,1335
Positive,Pride,1336
Negative,Overwhelm,1337
Positive,Pride,1338
Negative,Confusion,1339
Negative,Stress,1340
Positive,Empowerment,1341
Negative,Overwhelm,1342
Positive,Gratitude,1343
Negative,Uncertainty,1344
Positive,Serenity,1345
Negative,Grief,1346
Positive,Pride,1347
Negative,Frustration,1348
Mixed,Nostalgia,1349
Positive,Self-compassion,1350
Negative,Exhaustion,1351
Positive,Compassion,1352
Negative,Exhaustion,1353
Mixed,Excitement,1354
Mixed,Nostalgia,1355
Positive,Pride,1356
Negative,Frustration,1357
Positive,Gratitude,1358
Negative,Insecurity,1359
Negative,Fear,1360
Positive,Anticipation,1361
Negative,Loneliness,1362
Mixed,Hope,1363
Mixed,Bittersweetness,1364
Negative,Grief,1365
Positive,Pride,1366
Negative,Exhaustion,1367
Positive,Excitement,1368
Negative,Uncertainty,1369
Mixed,Bittersweetness,1370
Negative,Loneliness,1371
Mixed,Envy,1372
Positive,Relief,1373
Negative,Overwhelm,1374
Positive,Serenity,1375
Negative,Regret,1376
Positive,Gratitude,1377
Mixed,Excitement,1378
Positive,Pride,1379
Negative,Frustration,1380
Positive,Awe,1381
Negative,Insecurity,1382
Positive,Excitement,1383
Negative,Exhaustion,1384
Negative,Regret,1385
Positive,Joy,1386
Mixed,Uncertainty,1387
Positive,Gratitude,1388
Negative,Sadness,1389
Positive,Gratitude,1390
Mixed,Bittersweetness,1391
Negative,Frustration,1392
Positive,Relief,1393
Mixed,Admiration,1394
Positive,Pride,1395
Negative,Frustration,1396
Negative,Overwhelm,1397
Mixed,Uncertainty,1398
Positive,Serenity,1399
Mixed,Nostalgia,1400
Negative,Exhaustion,1401
Positive,Pride,1402
Positive,Gratitude,1403
Neutral,Neutral,1404
Negative,Loneliness,1405
Negative,Anxiety,1406
Positive,Serenity,1407
Negative,Exhaustion,1408
Mixed,Sadness,1409
Mixed,Uncertainty,1410
Negative,Frustration,1411
Negative,Insecurity,1412
Neutral,Indifference,1413
Positive,Gratitude,1414
Mixed,Curiosity,1415
Neutral,Neutral,1416
Negative,Frustration,1417
Negative,Uncertainty,1418
Neutral,Neutral,1419
Negative,Overwhelm,1420
Negative,Insecurity,1421
Negative,Uncertainty,1422
Neutral,Neutral,1423
Negative,Insecurity,1424
Mixed,Fear,1425
Neutral,Neutral,1426
Neutral,Neutral,1427
Negative,Exhaustion,1428
Negative,Insecurity,1429
Neutral,Neutral,1430
Mixed,Uncertainty,1431
Positive,Anticipation,1432
Negative,Confusion,1433
Mixed,Ambivalence,1434
Neutral,Neutral,1435
Negative,Self-Doubt,1436
Neutral,Neutral,1437
Negative,Exhaustion,1438
Neutral,Neutral,1439
Mixed,Excitement,1440
Neutral,Neutral,1441
Negative,Stress,1442
Neutral,Neutral,1443
Neutral,Neutral,1444
Negative,Loneliness,1445
Mixed,Fear,1446
Neutral,Neutral,1447
Negative,Frustration,1448
Negative,Insecurity,1449
Neutral,Neutral,1450
Negative,Frustration,1451
Negative,Uncertainty,1452
Positive,Pride,1453
Negative,Loneliness,1454
Neutral,Neutral,1455
Mixed,Excitement,1456
Negative,Frustration,1457
Mixed,Excitement,1458
Positive,Gratitude,1459
Negative,Confusion,1460
Negative,Insecurity,1461
Neutral,Neutral,1462
Negative,Exhaustion,1463
Negative,Overwhelm,1464
Positive,Serenity,1465
Mixed,Uncertainty,1466
Negative,Stress,1467
Negative,Sadness,1468
Mixed,Ambivalence,1469
Negative,Loneliness,1470
Mixed,Fear,1471
Negative,Disappointment,1472
Neutral,Neutral,1473
Neutral,Neutral,1474
Negative,Overwhelm,1475
Mixed,Excitement,1476
Negative,Loneliness,1477
Mixed,Uncertainty,1478
Positive,Pride,1479
Negative,Frustration,1480
Positive,Serenity,1481
Negative,Exhaustion,1482
Neutral,Neutral,1483
Negative,Stress,1484
Positive,Pride,1485
Negative,Insecurity,1486
Neutral,Neutral,1487
Negative,Exhaustion,1488
Negative,Uncertainty,1489
Mixed,Excitement,1490
Positive,Pride,1491
Negative,Overwhelm,1492
Mixed,Excitement,1493
Negative,Sadness,1494
Neutral,Neutral,1495
Negative,Envy,1496
Positive,Gratitude,1497
Mixed,Excitement,1498
Negative,Regret,1499
Neutral,Neutral,1500
Negative,Frustration,1501
Mixed,Fear,1502
Positive,Gratitude,1503
Negative,Exhaustion,1504
Mixed,Excitement,1505
Negative,Sadness,1506
Positive,Excitement,1507
Positive,Contentment,1508
Negative,Insecurity,1509
Negative,Confusion,1510
Positive,Accomplishment,1511
Mixed,Confusion,1512
Neutral,Neutral,1513
Negative,Loneliness,1514
Negative,Frustration,1515
Mixed,Excitement,1516
Positive,Serenity,1517
Negative,Hopelessness,1518
Mixed,Excitement,1519
Neutral,Neutral,1520
Mixed,Relief,1521
Positive,Pride,1522
Negative,Despair,1523
Negative,Confusion,1524
Neutral,Neutral,1525
Negative,Stress,1526
Mixed,Pride,1527
Negative,Exhaustion,1528
Mixed,Anticipation,1529
Negative,Uncertainty,1530
Positive,Serenity,1531
Mixed,Hope,1532
Negative,Insecurity,1533
Mixed,Bittersweetness,1534
Neutral,Neutral,1535
Neutral,Neutral,1536
Negative,Overwhelm,1537
Mixed,Regret,1538
Mixed,Uncertainty,1539
Negative,Anxiety,1540
Positive,Gratitude,1541
Positive,Pride,1542
Negative,Frustration,1543
Mixed,Hope,1544
Negative,Uncertainty,1545
Negative,Hopelessness,1546
Mixed,Ambivalence,1547
Neutral,Neutral,1548
Negative,Exhaustion,1549
Negative,Regret,1550
Mixed,Fear,1551
Neutral,Ambivalence,1552
Positive,Gratitude,1553
Negative,Frustration,1554
Positive,Serenity,1555
Negative,Insecurity,1556
Positive,Confidence,1557
Negative,Loneliness,1558
Neutral,Neutral,1559
Negative,Uncertainty,1560
Negative,Exhaustion,1561
Neutral,Neutral,1562
Negative,Fear,1563
Positive,Serenity,1564
Negative,Overwhelm,1565
Negative,Loneliness,1566
Positive,Pride,1567
Negative,Indecision,1568
Neutral,Neutral,1569
Negative,Insecurity,1570
Neutral,Neutral,1571
Neutral,Neutral,1572
Negative,Insecurity,1573
Mixed,Excitement,1574
Neutral,Neutral,1575
Negative,Regret,1576
Mixed,Excitement,1577
Negative,Stress,1578
Neutral,Neutral,1579
Neutral,Dissatisfaction,1580
Negative,Indecision,1581
Negative,Frustration,1582
Neutral,Neutral,1583
Negative,Disappointment,1584
Mixed,Excitement,1585
Mixed,Anxiety,1586
Negative,Stress,1587
Negative,Confusion,1588
Positive,Serenity,1589
Negative,Frustration,1590
Neutral,Neutral,1591
Negative,Exhaustion,1592
Neutral,Neutral,1593
Negative,Exhaustion,1594
Negative,Confusion,1595
Mixed,Self-doubt,1596
Mixed,Uncertainty,1597
Mixed,Gratitude,1598
Negative,Insecurity,1599
Mixed,Pride,1600
Positive,Serenity,1601
Negative,Stress,1602
Mixed,Hope,1603
Neutral,Indifference,1604
Negative,Frustration,1605
Mixed,Guilt,1606
Mixed,Excitement,1607
Negative,Insecurity,1608
Negative,Self-doubt,1609
Mixed,Pride,1610
Positive,Gratitude,1611
Negative,Loneliness,1612
Mixed,Anxiety,1613
Positive,Happiness,1614
Negative,Overwhelm,1615
Neutral,Neutrality,1616
Negative,Indecision,1617
Positive,Gratitude,1618
Mixed,Excitement,1619
Negative,Insecurity,1620
Negative,Regret,1621
Mixed,Hope,1622
Negative,Self-doubt,1623
Positive,Serenity,1624
Negative,Frustration,1625
Negative,Insecurity,1626
Mixed,Excitement,1627
Negative,Self-doubt,1628
Positive,Happiness,1629
Mixed,Longing,1630
Mixed,Excitement,1631
Neutral,Neutrality,1632
Neutral,Neutrality,1633
Neutral,Neutrality,1634
Negative,Uncertainty,1635
Negative,Indecision,1636
Neutral,Neutrality,1637
Negative,Frustration,1638
Negative,Self-doubt,1639
Negative,Overwhelm,1640
Negative,Frustration,1641
Mixed,Gratitude,1642
Negative,Loneliness,1643
Negative,Confusion,1644
Negative,Discouragement,1645
Positive,Pride,1646
Positive,Contentment,1647
Mixed,Excitement,1648
Negative,Insecurity,1649
Positive,Pride,1650
Mixed,Uncertainty,1651
Neutral,Neutrality,1652
Negative,Exhaustion,1653
Negative,Apathy,1654
Negative,Indecision,1655
Negative,Insecurity,1656
Mixed,Pride,1657
Negative,Frustration,1658
Positive,Gratitude,1659
Positive,Gratitude,1660
Negative,Hopelessness,1661
Mixed,Excitement,1662
Neutral,Neutrality,1663
Positive,Determination,1664
Mixed,Fear,1665
Negative,Doubt,1666
Neutral,Indifference,1667
Neutral,Neutrality,1668
Negative,Frustration,1669
Mixed,Hope,1670
Positive,Pride,1671
Negative,Loneliness,1672
Negative,Anxiety,1673
Negative,Sadness,1674
Positive,Gratitude,1675
Mixed,Uncertainty,1676
Negative,Frustration,1677
Positive,Happiness,1678
Negative,Frustration,1679
Mixed,Excitement,1680
Neutral,Neutrality,1681
Negative,Overwhelm,1682
Positive,Pride,1683
Negative,Loneliness,1684
Negative,Exhaustion,1685
Neutral,Neutrality,1686
Negative,Exhaustion,1687
Mixed,Guilt,1688
Mixed,Excitement,1689
Negative,Insecurity,1690
Negative,Self-doubt,1691
Mixed,Pride,1692
Positive,Gratitude,1693
Negative,Nostalgia,1694
Mixed,Excitement,1695
Mixed,Pride,1696
Negative,Sadness,1697
Positive,Serenity,1698
Mixed,Uncertainty,1699
Positive,Gratitude,1700
Negative,Stress,1701
Positive,Pride,1702
Mixed,Hope,1703
Neutral,Indifference,1704
Negative,Frustration,1705
Mixed,Guilt,1706
Mixed,Excitement,1707
Negative,Insecurity,1708
Negative,Self-doubt,1709
Mixed,Pride,1710
Positive,Gratitude,1711
Negative,Loneliness,1712
Mixed,Anxiety,1713
Positive,Happiness,1714
Mixed,Uncertainty,1715
Negative,Nostalgia,1716
Positive,Pride,1717
Negative,Frustration,1718
Negative,Exhaustion,1719
Positive,Relief,1720
Negative,Frustration,1721
Positive,Gratitude,1722
Negative,Insecurity,1723
Negative,Loneliness,1724
Mixed,Fear,1725
Negative,Disappointment,1726
Mixed,Uncertainty,1727
Positive,Contentment,1728
Neutral,Indifference,1729
Positive,Pride,1730
Negative,Regret,1731
Negative,Frustration,1732
Mixed,Uncertainty,1733
Negative,Loneliness,1734
Positive,Serenity,1735
Negative,Frustration,1736
Mixed,Uncertainty,1737
Positive,Gratitude,1738
Negative,Overwhelm,1739
Mixed,Pride,1740
Positive,Serenity,1741
Neutral,Neutral,1742
Mixed,Excitement,1743
Mixed,Nostalgia,1744
Negative,Regret,1745
Negative,Confusion,1746
Negative,Stress,1747
Negative,Frustration,1748
Positive,Accomplishment,1749
Neutral,Neutrality,1750
Negative,Exhaustion,1751
Mixed,Pride,1752
Mixed,Bittersweetness,1753
Negative,Insecurity,1754
Negative,Isolation,1755
Positive,Relief,1756
Mixed,Hope,1757
Mixed,Anger,1758
Negative,Hopelessness,1759
Neutral,Neutrality,1760
Positive,Inspiration,1761
Negative,Frustration,1762
Positive,Love,1763
Mixed,Courage,1764
Negative,Frustration,1765
Positive,Gratitude,1766
Mixed,Nostalgia,1767
Neutral,Indifference,1768
Negative,Anxiety,1769
Positive,Pride,1770
Negative,Isolation,1771
Mixed,Doubt,1772
Negative,Overwhelm,1773
Positive,Peace,1774
Positive,Relief,1775
Negative,Grief,1776
Mixed,Excitement,1777
Negative,Stress,1778
Positive,Happiness,1779
Neutral,Indifference,1780
Negative,Disappointment,1781
Positive,Gratitude,1782
Negative,Loneliness,1783
Positive,Happiness,1784
Negative,Overwhelm,1785
Positive,Pride,1786
Mixed,Uncertainty,1787
Negative,Boredom,1788
Positive,Awe,1789
Positive,Pride,1790
Negative,Insecurity,1791
Mixed,Excitement,1792
Negative,Loneliness,1793
Positive,Happiness,1794
Negative,Insecurity,1795
Positive,Empowerment,1796
Negative,Exhaustion,1797
Negative,Frustration,1798
Negative,Exhaustion,1799
Positive,Gratitude,1800
Negative,Insecurity,1801
Positive,Pride,1802
Neutral,Neutrality,1803
Mixed,Uncertainty,1804
Negative,Frustration,1805
Positive,Excitement,1806
Negative,Anxiety,1807
Mixed,Ambivalence,1808
Positive,Contentment,1809
Negative,Disappointment,1810
Mixed,Uncertainty,1811
Negative,Overwhelm,1812
Mixed,Ambivalence,1813
Mixed,Pride,1814
Positive,Satisfaction,1815
Negative,Overwhelm,1816
Negative,Loneliness,1817
Mixed,Uncertainty,1818
Mixed,Pride,1819
Neutral,Neutrality,1820
Positive,Gratitude,1821
Negative,Insecurity,1822
Mixed,Excitement,1823
Mixed,Bittersweetness,1824
Positive,Resilience,1825
Negative,Fear,1826
Mixed,Anticipation,1827
Positive,Accomplishment,1828
Negative,Apathy,1829
Mixed,Ambivalence,1830
Positive,Happiness,1831
Negative,Frustration,1832
Positive,Gratitude,1833
Positive,Relief,1834
Negative,Hopelessness,1835
Negative,Indecision,1836
Negative,Loneliness,1837
Mixed,Anticipation,1838
Positive,Gratitude,1839
Neutral,Indifference,1840
Positive,Pride,1841
Negative,Insecurity,1842
Mixed,Nostalgia,1843
Negative,Frustration,1844
Positive,Contentment,1845
Negative,Disappointment,1846
Positive,Accomplishment,1847
Negative,Confusion,1848
Positive,Hope,1849
Negative,Uncertainty,1850
Positive,Joy,1851
Negative,Self-Doubt,1852
Positive,Relief,1853
Negative,Hopelessness,1854
Negative,Indecision,1855
Negative,Loneliness,1856
Mixed,Anticipation,1857
Positive,Gratitude,1858
Neutral,Indifference,1859
Positive,Pride,1860
Negative,Insecurity,1861
Mixed,Nostalgia,1862
Negative,Frustration,1863
Positive,Contentment,1864
Negative,Disappointment,1865
Positive,Accomplishment,1866
Negative,Confusion,1867
Positive,Happiness,1868
Negative,Uncertainty,1869
Positive,Joy,1870
Negative,Self-Doubt,1871
Positive,Serenity,1872
Negative,Frustration,1873
